﻿Regions;Sex;Year;Youth Employees rate;Neet rate
Piemonte;Male;01/01/2005;55,9;8,838751
Piemonte;Male;01/01/2006;53,8;8,481962
Piemonte;Male;01/01/2007;53;8,125747
Piemonte;Male;01/01/2008;53,3;8,959523
Piemonte;Male;01/01/2009;49,3;12,175858
Piemonte;Male;01/01/2010;45,9;12,426117
Piemonte;Male;01/01/2011;46,6;12,949337
Piemonte;Male;01/01/2012;44,7;15,462428
Piemonte;Male;01/01/2013;38,9;19,401433
Piemonte;Male;01/01/2014;37,8;19,807234
Piemonte;Male;01/01/2015;39,3;18,33582
Piemonte;Male;01/01/2016;38,1;18,090853
Piemonte;Male;01/01/2017;40;16,453798
Piemonte;Male;01/01/2018;43,1;14,455657
Piemonte;Male;01/01/2019;41,3;13,947459
Piemonte;Male;01/01/2020;40,4;15,473096
Piemonte;Female;01/01/2005;44,7;18,353188
Piemonte;Female;01/01/2006;44;16,797096
Piemonte;Female;01/01/2007;44,1;17,698481
Piemonte;Female;01/01/2008;42,9;18,320401
Piemonte;Female;01/01/2009;39,2;20,390605
Piemonte;Female;01/01/2010;37,7;20,903193
Piemonte;Female;01/01/2011;38,9;19,934248
Piemonte;Female;01/01/2012;36,4;21,300025
Piemonte;Female;01/01/2013;29,6;25,047598
Piemonte;Female;01/01/2014;30,1;24,430955
Piemonte;Female;01/01/2015;30,1;23,579238
Piemonte;Female;01/01/2016;30,1;23,148927
Piemonte;Female;01/01/2017;30,6;24,696191
Piemonte;Female;01/01/2018;30,7;22,326626
Piemonte;Female;01/01/2019;33,9;20,30919
Piemonte;Female;01/01/2020;30;24,519388
Piemonte;Total;01/01/2005;50,4;13,534813
Piemonte;Total;01/01/2006;49;12,577586
Piemonte;Total;01/01/2007;48,6;12,853101
Piemonte;Total;01/01/2008;48,2;13,584055
Piemonte;Total;01/01/2009;44,3;16,24451
Piemonte;Total;01/01/2010;41,9;16,628696
Piemonte;Total;01/01/2011;42,8;16,418186
Piemonte;Total;01/01/2012;40,6;18,357865
Piemonte;Total;01/01/2013;34,3;22,199206
Piemonte;Total;01/01/2014;34;22,098232
Piemonte;Total;01/01/2015;34,8;20,924017
Piemonte;Total;01/01/2016;34,2;20,580309
Piemonte;Total;01/01/2017;35,4;20,484772
Piemonte;Total;01/01/2018;37,1;18,294365
Piemonte;Total;01/01/2019;37,8;17,037024
Piemonte;Total;01/01/2020;35,4;19,859482
Valle d'Aosta;Male;01/01/2005;56,1;7,408958
Valle d'Aosta;Male;01/01/2006;55,3;6,64394
Valle d'Aosta;Male;01/01/2007;57,7;5,59401
Valle d'Aosta;Male;01/01/2008;54,8;6,595455
Valle d'Aosta;Male;01/01/2009;52,2;8,719906
Valle d'Aosta;Male;01/01/2010;49,9;10,01672
Valle d'Aosta;Male;01/01/2011;49,1;11,550719
Valle d'Aosta;Male;01/01/2012;49,6;12,184543
Valle d'Aosta;Male;01/01/2013;41,8;16,725156
Valle d'Aosta;Male;01/01/2014;40,1;16,326201
Valle d'Aosta;Male;01/01/2015;41,9;18,03998
Valle d'Aosta;Male;01/01/2016;40,7;15,961019
Valle d'Aosta;Male;01/01/2017;40;13,209242
Valle d'Aosta;Male;01/01/2018;42,5;14,431128
Valle d'Aosta;Male;01/01/2019;44,3;13,598822
Valle d'Aosta;Male;01/01/2020;39;16,071136
Valle d'Aosta;Female;01/01/2005;46,9;17,790167
Valle d'Aosta;Female;01/01/2006;43;17,761205
Valle d'Aosta;Female;01/01/2007;43,3;16,901097
Valle d'Aosta;Female;01/01/2008;44,7;18,777653
Valle d'Aosta;Female;01/01/2009;39,8;21,955299
Valle d'Aosta;Female;01/01/2010;42,7;20,230135
Valle d'Aosta;Female;01/01/2011;38,2;19,643992
Valle d'Aosta;Female;01/01/2012;41,5;18,348106
Valle d'Aosta;Female;01/01/2013;36,4;22,379948
Valle d'Aosta;Female;01/01/2014;34,4;22,26047
Valle d'Aosta;Female;01/01/2015;34,8;21,400264
Valle d'Aosta;Female;01/01/2016;34;21,24792
Valle d'Aosta;Female;01/01/2017;34,8;18,507638
Valle d'Aosta;Female;01/01/2018;35,8;18,227269
Valle d'Aosta;Female;01/01/2019;35,1;18,735124
Valle d'Aosta;Female;01/01/2020;31,9;19,886025
Valle d'Aosta;Total;01/01/2005;51,6;12,503109
Valle d'Aosta;Total;01/01/2006;49,3;12,091967
Valle d'Aosta;Total;01/01/2007;50,7;11,129137
Valle d'Aosta;Total;01/01/2008;49,9;12,54948
Valle d'Aosta;Total;01/01/2009;46,1;15,22145
Valle d'Aosta;Total;01/01/2010;46,4;15,065334
Valle d'Aosta;Total;01/01/2011;43,7;15,552674
Valle d'Aosta;Total;01/01/2012;45,6;15,233161
Valle d'Aosta;Total;01/01/2013;39,1;19,528674
Valle d'Aosta;Total;01/01/2014;37,3;19,27113
Valle d'Aosta;Total;01/01/2015;38,4;19,705967
Valle d'Aosta;Total;01/01/2016;37,4;18,578739
Valle d'Aosta;Total;01/01/2017;37,5;15,821056
Valle d'Aosta;Total;01/01/2018;39,3;16,299045
Valle d'Aosta;Total;01/01/2019;39,8;16,116529
Valle d'Aosta;Total;01/01/2020;35,5;17,943153
Liguria;Male;01/01/2005;49,6;8,648224
Liguria;Male;01/01/2006;46,4;8,507954
Liguria;Male;01/01/2007;47,8;11,321045
Liguria;Male;01/01/2008;48;11,020979
Liguria;Male;01/01/2009;43,2;11,420104
Liguria;Male;01/01/2010;40,3;13,834581
Liguria;Male;01/01/2011;41,2;12,711463
Liguria;Male;01/01/2012;38,4;15,663485
Liguria;Male;01/01/2013;30,2;19,640209
Liguria;Male;01/01/2014;31,3;20,057382
Liguria;Male;01/01/2015;31,2;19,881818
Liguria;Male;01/01/2016;34,3;16,131371
Liguria;Male;01/01/2017;34,7;16,000942
Liguria;Male;01/01/2018;35,8;14,513578
Liguria;Male;01/01/2019;35,3;15,349644
Liguria;Male;01/01/2020;31,9;18,678133
Liguria;Female;01/01/2005;38;20,294618
Liguria;Female;01/01/2006;38,2;19,383595
Liguria;Female;01/01/2007;42,9;16,336362
Liguria;Female;01/01/2008;40,7;19,372297
Liguria;Female;01/01/2009;39,1;20,175065
Liguria;Female;01/01/2010;33,9;19,160953
Liguria;Female;01/01/2011;33,7;18,534781
Liguria;Female;01/01/2012;33,5;20,971315
Liguria;Female;01/01/2013;29;23,518046
Liguria;Female;01/01/2014;26,7;22,850893
Liguria;Female;01/01/2015;28,7;22,008335
Liguria;Female;01/01/2016;29,3;24,7818
Liguria;Female;01/01/2017;27,6;27,744788
Liguria;Female;01/01/2018;26,4;26,19749
Liguria;Female;01/01/2019;28,1;22,770888
Liguria;Female;01/01/2020;25,7;22,907423
Liguria;Total;01/01/2005;43,8;14,454489
Liguria;Total;01/01/2006;42,4;13,902409
Liguria;Total;01/01/2007;45,4;13,81627
Liguria;Total;01/01/2008;44,4;15,186118
Liguria;Total;01/01/2009;41,2;15,771484
Liguria;Total;01/01/2010;37,2;16,475954
Liguria;Total;01/01/2011;37,6;15,598095
Liguria;Total;01/01/2012;36;18,290075
Liguria;Total;01/01/2013;29,6;21,552797
Liguria;Total;01/01/2014;29,1;21,434516
Liguria;Total;01/01/2015;30;20,927013
Liguria;Total;01/01/2016;31,9;20,353559
Liguria;Total;01/01/2017;31,3;21,694818
Liguria;Total;01/01/2018;31,3;20,164368
Liguria;Total;01/01/2019;31,9;18,934036
Liguria;Total;01/01/2020;28,9;20,725164
Lombardia;Male;01/01/2005;58,9;6,586672
Lombardia;Male;01/01/2006;58,6;6,629272
Lombardia;Male;01/01/2007;56,9;6,566271
Lombardia;Male;01/01/2008;56,6;7,394644
Lombardia;Male;01/01/2009;51,7;9,784144
Lombardia;Male;01/01/2010;48,8;10,802533
Lombardia;Male;01/01/2011;48,2;10,197677
Lombardia;Male;01/01/2012;44,7;12,820162
Lombardia;Male;01/01/2013;41,5;15,273602
Lombardia;Male;01/01/2014;40,7;15,066335
Lombardia;Male;01/01/2015;40,8;14,233116
Lombardia;Male;01/01/2016;42,5;12,248289
Lombardia;Male;01/01/2017;43,7;12,02938
Lombardia;Male;01/01/2018;44,1;12,512067
Lombardia;Male;01/01/2019;45,6;10,759499
Lombardia;Male;01/01/2020;41,7;13,73688
Lombardia;Female;01/01/2005;48,3;17,070812
Lombardia;Female;01/01/2006;47,6;16,267579
Lombardia;Female;01/01/2007;45,8;16,453247
Lombardia;Female;01/01/2008;44,8;17,472215
Lombardia;Female;01/01/2009;41,8;19,215996
Lombardia;Female;01/01/2010;39,5;20,039156
Lombardia;Female;01/01/2011;37,5;20,752613
Lombardia;Female;01/01/2012;38,3;20,201688
Lombardia;Female;01/01/2013;36,7;21,514889
Lombardia;Female;01/01/2014;34,8;21,289717
Lombardia;Female;01/01/2015;32,9;22,331086
Lombardia;Female;01/01/2016;33,8;22,572341
Lombardia;Female;01/01/2017;35,1;20,296553
Lombardia;Female;01/01/2018;35,5;19,059622
Lombardia;Female;01/01/2019;35,9;19,180522
Lombardia;Female;01/01/2020;34,5;21,810002
Lombardia;Total;01/01/2005;53,7;11,725109
Lombardia;Total;01/01/2006;53,2;11,341459
Lombardia;Total;01/01/2007;51,4;11,415291
Lombardia;Total;01/01/2008;50,8;12,346136
Lombardia;Total;01/01/2009;46,8;14,426474
Lombardia;Total;01/01/2010;44,2;15,358486
Lombardia;Total;01/01/2011;42,9;15,411112
Lombardia;Total;01/01/2012;41,6;16,458669
Lombardia;Total;01/01/2013;39,1;18,341559
Lombardia;Total;01/01/2014;37,9;18,120676
Lombardia;Total;01/01/2015;37;18,21226
Lombardia;Total;01/01/2016;38,3;17,304794
Lombardia;Total;01/01/2017;39,5;16,072425
Lombardia;Total;01/01/2018;39,9;15,701618
Lombardia;Total;01/01/2019;40,9;14,85889
Lombardia;Total;01/01/2020;38,2;17,66454
Provincia autonoma Bolzano;Male;01/01/2005;56,5;4,093586
Provincia autonoma Bolzano;Male;01/01/2006;56,4;5,420143
Provincia autonoma Bolzano;Male;01/01/2007;57,3;5,481241
Provincia autonoma Bolzano;Male;01/01/2008;57,2;5,781848
Provincia autonoma Bolzano;Male;01/01/2009;52;5,534293
Provincia autonoma Bolzano;Male;01/01/2010;49,2;5,494115
Provincia autonoma Bolzano;Male;01/01/2011;46,9;5,931787
Provincia autonoma Bolzano;Male;01/01/2012;44,4;8,564432
Provincia autonoma Bolzano;Male;01/01/2013;42,9;7,915581
Provincia autonoma Bolzano;Male;01/01/2014;42,2;7,740135
Provincia autonoma Bolzano;Male;01/01/2015;41,8;6,412033
Provincia autonoma Bolzano;Male;01/01/2016;41,4;6,651077
Provincia autonoma Bolzano;Male;01/01/2017;41,5;6,824457
Provincia autonoma Bolzano;Male;01/01/2018;46,5;7,768004
Provincia autonoma Bolzano;Male;01/01/2019;46,8;6,188302
Provincia autonoma Bolzano;Male;01/01/2020;44,6;9,10162
Provincia autonoma Bolzano;Female;01/01/2005;46;16,324561
Provincia autonoma Bolzano;Female;01/01/2006;43,7;17,010135
Provincia autonoma Bolzano;Female;01/01/2007;43,5;15,938308
Provincia autonoma Bolzano;Female;01/01/2008;43,3;16,279859
Provincia autonoma Bolzano;Female;01/01/2009;39,9;15,835887
Provincia autonoma Bolzano;Female;01/01/2010;37,7;16,425517
Provincia autonoma Bolzano;Female;01/01/2011;40;14,846794
Provincia autonoma Bolzano;Female;01/01/2012;38,3;16,296207
Provincia autonoma Bolzano;Female;01/01/2013;33,4;15,027706
Provincia autonoma Bolzano;Female;01/01/2014;31,8;15,787586
Provincia autonoma Bolzano;Female;01/01/2015;33,3;16,36404
Provincia autonoma Bolzano;Female;01/01/2016;31;15,425814
Provincia autonoma Bolzano;Female;01/01/2017;37,5;19,579675
Provincia autonoma Bolzano;Female;01/01/2018;36,1;16,714702
Provincia autonoma Bolzano;Female;01/01/2019;36,9;15,755467
Provincia autonoma Bolzano;Female;01/01/2020;35,9;19,673622
Provincia autonoma Bolzano;Total;01/01/2005;51,3;10,112088
Provincia autonoma Bolzano;Total;01/01/2006;50,1;11,133873
Provincia autonoma Bolzano;Total;01/01/2007;50,5;10,636532
Provincia autonoma Bolzano;Total;01/01/2008;50,4;10,980151
Provincia autonoma Bolzano;Total;01/01/2009;46;10,649627
Provincia autonoma Bolzano;Total;01/01/2010;43,5;10,928864
Provincia autonoma Bolzano;Total;01/01/2011;43,5;10,360176
Provincia autonoma Bolzano;Total;01/01/2012;41,4;12,401967
Provincia autonoma Bolzano;Total;01/01/2013;38,2;11,441702
Provincia autonoma Bolzano;Total;01/01/2014;37,1;11,72168
Provincia autonoma Bolzano;Total;01/01/2015;37,6;11,330806
Provincia autonoma Bolzano;Total;01/01/2016;36,3;10,985454
Provincia autonoma Bolzano;Total;01/01/2017;39,5;13,098086
Provincia autonoma Bolzano;Total;01/01/2018;41,5;12,163199
Provincia autonoma Bolzano;Total;01/01/2019;42;10,878204
Provincia autonoma Bolzano;Total;01/01/2020;40,4;14,298971
Provincia autonoma Trento;Male;01/01/2005;63,6;6,391137
Provincia autonoma Trento;Male;01/01/2006;64,1;4,845441
Provincia autonoma Trento;Male;01/01/2007;63,5;4,397477
Provincia autonoma Trento;Male;01/01/2008;60,8;5,376509
Provincia autonoma Trento;Male;01/01/2009;60,4;7,630874
Provincia autonoma Trento;Male;01/01/2010;59,8;8,777757
Provincia autonoma Trento;Male;01/01/2011;58;9,959755
Provincia autonoma Trento;Male;01/01/2012;56,9;11,110721
Provincia autonoma Trento;Male;01/01/2013;55,3;11,048988
Provincia autonoma Trento;Male;01/01/2014;54,4;12,707367
Provincia autonoma Trento;Male;01/01/2015;53,4;13,735783
Provincia autonoma Trento;Male;01/01/2016;53,9;12,801337
Provincia autonoma Trento;Male;01/01/2017;55,4;14,65943
Provincia autonoma Trento;Male;01/01/2018;53,8;9,918044
Provincia autonoma Trento;Male;01/01/2019;57,2;8,702655
Provincia autonoma Trento;Male;01/01/2020;57,8;10,607644
Provincia autonoma Trento;Female;01/01/2005;49;16,432494
Provincia autonoma Trento;Female;01/01/2006;47,8;16,869274
Provincia autonoma Trento;Female;01/01/2007;49,5;16,233539
Provincia autonoma Trento;Female;01/01/2008;50;16,425366
Provincia autonoma Trento;Female;01/01/2009;47,2;17,115806
Provincia autonoma Trento;Female;01/01/2010;46,1;19,653791
Provincia autonoma Trento;Female;01/01/2011;48,2;17,944712
Provincia autonoma Trento;Female;01/01/2012;48,5;17,058572
Provincia autonoma Trento;Female;01/01/2013;43,6;20,602485
Provincia autonoma Trento;Female;01/01/2014;40,3;22,356669
Provincia autonoma Trento;Female;01/01/2015;38,9;19,482799
Provincia autonoma Trento;Female;01/01/2016;42,9;19,991676
Provincia autonoma Trento;Female;01/01/2017;42,3;18,681478
Provincia autonoma Trento;Female;01/01/2018;47;18,62297
Provincia autonoma Trento;Female;01/01/2019;47,5;17,771415
Provincia autonoma Trento;Female;01/01/2020;42,5;19,824247
Provincia autonoma Trento;Total;01/01/2005;56,4;11,359312
Provincia autonoma Trento;Total;01/01/2006;56,1;10,778618
Provincia autonoma Trento;Total;01/01/2007;56,6;10,235459
Provincia autonoma Trento;Total;01/01/2008;55,5;10,829304
Provincia autonoma Trento;Total;01/01/2009;53,9;12,324524
Provincia autonoma Trento;Total;01/01/2010;53,1;14,175863
Provincia autonoma Trento;Total;01/01/2011;53,1;13,924017
Provincia autonoma Trento;Total;01/01/2012;52,7;14,063136
Provincia autonoma Trento;Total;01/01/2013;49,5;15,778387
Provincia autonoma Trento;Total;01/01/2014;47,4;17,486765
Provincia autonoma Trento;Total;01/01/2015;46,3;16,575803
Provincia autonoma Trento;Total;01/01/2016;48,5;16,34714
Provincia autonoma Trento;Total;01/01/2017;48,9;16,632736
Provincia autonoma Trento;Total;01/01/2018;50,5;14,184146
Provincia autonoma Trento;Total;01/01/2019;52,5;13,148532
Provincia autonoma Trento;Total;01/01/2020;50,3;15,110441
Veneto;Male;01/01/2005;59,8;6,399886
Veneto;Male;01/01/2006;60,3;5,721792
Veneto;Male;01/01/2007;57,5;5,600562
Veneto;Male;01/01/2008;56,1;5,797758
Veneto;Male;01/01/2009;51,7;7,972394
Veneto;Male;01/01/2010;49,8;10,418087
Veneto;Male;01/01/2011;48,9;10,875444
Veneto;Male;01/01/2012;49,1;11,47882
Veneto;Male;01/01/2013;42,9;12,11805
Veneto;Male;01/01/2014;42,8;11,25855
Veneto;Male;01/01/2015;40,3;12,197649
Veneto;Male;01/01/2016;44,5;12,151668
Veneto;Male;01/01/2017;44;11,835258
Veneto;Male;01/01/2018;44,8;12,062255
Veneto;Male;01/01/2019;46,4;9,862711
Veneto;Male;01/01/2020;43,9;11,245092
Veneto;Female;01/01/2005;48,9;17,716135
Veneto;Female;01/01/2006;46,8;17,869571
Veneto;Female;01/01/2007;46,1;17,873437
Veneto;Female;01/01/2008;44,3;17,21882
Veneto;Female;01/01/2009;42,3;18,590072
Veneto;Female;01/01/2010;39,2;21,255866
Veneto;Female;01/01/2011;38,2;20,817275
Veneto;Female;01/01/2012;34,7;23,657141
Veneto;Female;01/01/2013;31,2;26,382607
Veneto;Female;01/01/2014;33,1;23,907748
Veneto;Female;01/01/2015;31,5;22,540585
Veneto;Female;01/01/2016;32,9;21,970131
Veneto;Female;01/01/2017;35,8;20,377899
Veneto;Female;01/01/2018;36,8;20,229741
Veneto;Female;01/01/2019;37,7;19,081397
Veneto;Female;01/01/2020;34,3;21,621022
Veneto;Total;01/01/2005;54,5;11,936177
Veneto;Total;01/01/2006;53,7;11,664804
Veneto;Total;01/01/2007;51,9;11,621901
Veneto;Total;01/01/2008;50,3;11,422409
Veneto;Total;01/01/2009;47,1;13,207574
Veneto;Total;01/01/2010;44,6;15,775249
Veneto;Total;01/01/2011;43,6;15,804034
Veneto;Total;01/01/2012;42;17,530796
Veneto;Total;01/01/2013;37,1;19,18681
Veneto;Total;01/01/2014;38;17,512536
Veneto;Total;01/01/2015;36;17,318623
Veneto;Total;01/01/2016;38,8;17,003278
Veneto;Total;01/01/2017;40;16,055865
Veneto;Total;01/01/2018;40,9;16,074204
Veneto;Total;01/01/2019;42,2;14,380013
Veneto;Total;01/01/2020;39,3;16,308314
Friuli-Venezia Giulia;Male;01/01/2005;57,8;6,924783
Friuli-Venezia Giulia;Male;01/01/2006;57,5;6,501337
Friuli-Venezia Giulia;Male;01/01/2007;56;7,222368
Friuli-Venezia Giulia;Male;01/01/2008;54,8;6,295956
Friuli-Venezia Giulia;Male;01/01/2009;50,4;9,177122
Friuli-Venezia Giulia;Male;01/01/2010;46,9;9,703056
Friuli-Venezia Giulia;Male;01/01/2011;45,6;10,799499
Friuli-Venezia Giulia;Male;01/01/2012;39,9;11,970377
Friuli-Venezia Giulia;Male;01/01/2013;36,7;13,041527
Friuli-Venezia Giulia;Male;01/01/2014;38,9;14,307334
Friuli-Venezia Giulia;Male;01/01/2015;39,1;12,80907
Friuli-Venezia Giulia;Male;01/01/2016;39,3;13,145922
Friuli-Venezia Giulia;Male;01/01/2017;39,6;12,620692
Friuli-Venezia Giulia;Male;01/01/2018;37,7;11,466586
Friuli-Venezia Giulia;Male;01/01/2019;41,9;10,356312
Friuli-Venezia Giulia;Male;01/01/2020;43,4;9,665739
Friuli-Venezia Giulia;Female;01/01/2005;46,1;17,608513
Friuli-Venezia Giulia;Female;01/01/2006;45,3;18,198667
Friuli-Venezia Giulia;Female;01/01/2007;39,9;16,873507
Friuli-Venezia Giulia;Female;01/01/2008;38,8;17,298217
Friuli-Venezia Giulia;Female;01/01/2009;36,2;17,595211
Friuli-Venezia Giulia;Female;01/01/2010;36,1;19,19579
Friuli-Venezia Giulia;Female;01/01/2011;36,3;22,134004
Friuli-Venezia Giulia;Female;01/01/2012;34;23,823718
Friuli-Venezia Giulia;Female;01/01/2013;31,6;22,648722
Friuli-Venezia Giulia;Female;01/01/2014;29,3;23,582931
Friuli-Venezia Giulia;Female;01/01/2015;27,3;25,945936
Friuli-Venezia Giulia;Female;01/01/2016;31;24,771707
Friuli-Venezia Giulia;Female;01/01/2017;31,9;22,938995
Friuli-Venezia Giulia;Female;01/01/2018;35,5;20,383222
Friuli-Venezia Giulia;Female;01/01/2019;33,3;19,473444
Friuli-Venezia Giulia;Female;01/01/2020;33,1;21,722993
Friuli-Venezia Giulia;Total;01/01/2005;52;12,177495
Friuli-Venezia Giulia;Total;01/01/2006;51,5;12,231998
Friuli-Venezia Giulia;Total;01/01/2007;48,1;11,955647
Friuli-Venezia Giulia;Total;01/01/2008;46,9;11,701
Friuli-Venezia Giulia;Total;01/01/2009;43,4;13,321615
Friuli-Venezia Giulia;Total;01/01/2010;41,5;14,370936
Friuli-Venezia Giulia;Total;01/01/2011;41;16,385421
Friuli-Venezia Giulia;Total;01/01/2012;37;17,808195
Friuli-Venezia Giulia;Total;01/01/2013;34,2;17,785594
Friuli-Venezia Giulia;Total;01/01/2014;34,2;18,892835
Friuli-Venezia Giulia;Total;01/01/2015;33,3;19,282228
Friuli-Venezia Giulia;Total;01/01/2016;35,2;18,870407
Friuli-Venezia Giulia;Total;01/01/2017;35,8;17,690382
Friuli-Venezia Giulia;Total;01/01/2018;36,6;15,818788
Friuli-Venezia Giulia;Total;01/01/2019;37,8;14,792616
Friuli-Venezia Giulia;Total;01/01/2020;38,4;15,530629
Emilia-Romagna;Male;01/01/2005;60,2;5,752779
Emilia-Romagna;Male;01/01/2006;57,8;6,162121
Emilia-Romagna;Male;01/01/2007;57,4;5,7477
Emilia-Romagna;Male;01/01/2008;56,2;5,631716
Emilia-Romagna;Male;01/01/2009;52;8,121967
Emilia-Romagna;Male;01/01/2010;47,7;9,791617
Emilia-Romagna;Male;01/01/2011;45,9;10,050501
Emilia-Romagna;Male;01/01/2012;44,4;11,220713
Emilia-Romagna;Male;01/01/2013;40,1;13,544143
Emilia-Romagna;Male;01/01/2014;38,2;14,888019
Emilia-Romagna;Male;01/01/2015;40,9;13,977095
Emilia-Romagna;Male;01/01/2016;43,6;10,789299
Emilia-Romagna;Male;01/01/2017;43,3;11,837382
Emilia-Romagna;Male;01/01/2018;45,3;10,479733
Emilia-Romagna;Male;01/01/2019;45,8;11,20868
Emilia-Romagna;Male;01/01/2020;44,1;10,855808
Emilia-Romagna;Female;01/01/2005;48,3;15,574801
Emilia-Romagna;Female;01/01/2006;47,3;15,140546
Emilia-Romagna;Female;01/01/2007;44,7;13,789443
Emilia-Romagna;Female;01/01/2008;44,9;14,607002
Emilia-Romagna;Female;01/01/2009;39,7;16,984826
Emilia-Romagna;Female;01/01/2010;38,1;20,973217
Emilia-Romagna;Female;01/01/2011;38,9;19,786995
Emilia-Romagna;Female;01/01/2012;38,7;20,266212
Emilia-Romagna;Female;01/01/2013;34,5;22,935804
Emilia-Romagna;Female;01/01/2014;30,6;24,822309
Emilia-Romagna;Female;01/01/2015;30,2;24,656707
Emilia-Romagna;Female;01/01/2016;33,9;22,774049
Emilia-Romagna;Female;01/01/2017;33,1;21,882246
Emilia-Romagna;Female;01/01/2018;32,4;21,319061
Emilia-Romagna;Female;01/01/2019;35,5;19,517284
Emilia-Romagna;Female;01/01/2020;31,8;22,701499
Emilia-Romagna;Total;01/01/2005;54,3;10,58826
Emilia-Romagna;Total;01/01/2006;52,6;10,587939
Emilia-Romagna;Total;01/01/2007;51,1;9,717706
Emilia-Romagna;Total;01/01/2008;50,6;10,0854
Emilia-Romagna;Total;01/01/2009;46;12,517775
Emilia-Romagna;Total;01/01/2010;43;15,350867
Emilia-Romagna;Total;01/01/2011;42,4;14,900457
Emilia-Romagna;Total;01/01/2012;41,6;15,721051
Emilia-Romagna;Total;01/01/2013;37,3;18,201605
Emilia-Romagna;Total;01/01/2014;34,5;19,806835
Emilia-Romagna;Total;01/01/2015;35,6;19,265103
Emilia-Romagna;Total;01/01/2016;38,8;16,705041
Emilia-Romagna;Total;01/01/2017;38,3;16,782789
Emilia-Romagna;Total;01/01/2018;39,1;15,789405
Emilia-Romagna;Total;01/01/2019;40,8;15,255499
Emilia-Romagna;Total;01/01/2020;38,2;16,612667
Toscana;Male;01/01/2005;50,6;9,011341
Toscana;Male;01/01/2006;52,2;8,035487
Toscana;Male;01/01/2007;50,7;8,95105
Toscana;Male;01/01/2008;49,8;9,56526
Toscana;Male;01/01/2009;47,7;8,674409
Toscana;Male;01/01/2010;43,8;10,704261
Toscana;Male;01/01/2011;44,5;11,73229
Toscana;Male;01/01/2012;42,5;13,683672
Toscana;Male;01/01/2013;39,6;16,730469
Toscana;Male;01/01/2014;38,8;16,455916
Toscana;Male;01/01/2015;36,9;15,822029
Toscana;Male;01/01/2016;39,1;13,638523
Toscana;Male;01/01/2017;38;14,389776
Toscana;Male;01/01/2018;36,5;13,297492
Toscana;Male;01/01/2019;39,1;12,666796
Toscana;Male;01/01/2020;38,3;14,135812
Toscana;Female;01/01/2005;40,6;18,250955
Toscana;Female;01/01/2006;42,9;19,41503
Toscana;Female;01/01/2007;40,7;18,124435
Toscana;Female;01/01/2008;40,2;17,133974
Toscana;Female;01/01/2009;38;18,698829
Toscana;Female;01/01/2010;34,5;21,59893
Toscana;Female;01/01/2011;32,8;22,012677
Toscana;Female;01/01/2012;31,5;24,144614
Toscana;Female;01/01/2013;31,3;23,723531
Toscana;Female;01/01/2014;30,8;24,698766
Toscana;Female;01/01/2015;30,7;21,896681
Toscana;Female;01/01/2016;28,8;22,650464
Toscana;Female;01/01/2017;32,4;20,709847
Toscana;Female;01/01/2018;31;20,664855
Toscana;Female;01/01/2019;33,5;21,511549
Toscana;Female;01/01/2020;29,2;21,285728
Toscana;Total;01/01/2005;45,7;13,590263
Toscana;Total;01/01/2006;47,6;13,660515
Toscana;Total;01/01/2007;45,8;13,489394
Toscana;Total;01/01/2008;45,1;13,316764
Toscana;Total;01/01/2009;42,9;13,651933
Toscana;Total;01/01/2010;39,2;16,128293
Toscana;Total;01/01/2011;38,7;16,844668
Toscana;Total;01/01/2012;37,1;18,8767
Toscana;Total;01/01/2013;35,5;20,200516
Toscana;Total;01/01/2014;34,8;20,544605
Toscana;Total;01/01/2015;33,8;18,831587
Toscana;Total;01/01/2016;34;18,107555
Toscana;Total;01/01/2017;35,3;17,503037
Toscana;Total;01/01/2018;33,8;16,90555
Toscana;Total;01/01/2019;36,4;16,98082
Toscana;Total;01/01/2020;33,9;17,616201
Umbria;Male;01/01/2005;51,2;9,127167
Umbria;Male;01/01/2006;55,5;7,312008
Umbria;Male;01/01/2007;55,4;7,20814
Umbria;Male;01/01/2008;52,7;7,645838
Umbria;Male;01/01/2009;52;9,177854
Umbria;Male;01/01/2010;50,2;11,10122
Umbria;Male;01/01/2011;45,7;11,59549
Umbria;Male;01/01/2012;42,5;14,922933
Umbria;Male;01/01/2013;37,4;16,622131
Umbria;Male;01/01/2014;36,5;18,814086
Umbria;Male;01/01/2015;38,6;15,481642
Umbria;Male;01/01/2016;35,3;15,848286
Umbria;Male;01/01/2017;38;16,950619
Umbria;Male;01/01/2018;40,4;14,44112
Umbria;Male;01/01/2019;38,9;13,967373
Umbria;Male;01/01/2020;35,2;18,35143
Umbria;Female;01/01/2005;40,1;19,638943
Umbria;Female;01/01/2006;39,5;19,655578
Umbria;Female;01/01/2007;39,8;19,828086
Umbria;Female;01/01/2008;40,9;17,649405
Umbria;Female;01/01/2009;32,3;19,954591
Umbria;Female;01/01/2010;32,3;22,12095
Umbria;Female;01/01/2011;34,4;22,290727
Umbria;Female;01/01/2012;31,5;22,121232
Umbria;Female;01/01/2013;30,4;22,846683
Umbria;Female;01/01/2014;24,9;27,356309
Umbria;Female;01/01/2015;27,5;26,696128
Umbria;Female;01/01/2016;29;20,91018
Umbria;Female;01/01/2017;27,7;24,146385
Umbria;Female;01/01/2018;23,1;25,196604
Umbria;Female;01/01/2019;29,8;19,150676
Umbria;Female;01/01/2020;26,7;23,222527
Umbria;Total;01/01/2005;45,7;14,360949
Umbria;Total;01/01/2006;47,6;13,433067
Umbria;Total;01/01/2007;47,7;13,462703
Umbria;Total;01/01/2008;46,9;12,606586
Umbria;Total;01/01/2009;42,2;14,539417
Umbria;Total;01/01/2010;41,4;16,594922
Umbria;Total;01/01/2011;40,1;16,913627
Umbria;Total;01/01/2012;37,1;18,509484
Umbria;Total;01/01/2013;33,9;19,721118
Umbria;Total;01/01/2014;30,8;23,067507
Umbria;Total;01/01/2015;33,1;21,06806
Umbria;Total;01/01/2016;32,2;18,354259
Umbria;Total;01/01/2017;33;20,501028
Umbria;Total;01/01/2018;32;19,721586
Umbria;Total;01/01/2019;34,5;16,499186
Umbria;Total;01/01/2020;31,1;20,722815
Marche;Male;01/01/2005;55,1;9,149572
Marche;Male;01/01/2006;53,6;7,997166
Marche;Male;01/01/2007;53,4;6,795305
Marche;Male;01/01/2008;51;8,973961
Marche;Male;01/01/2009;45,7;13,062838
Marche;Male;01/01/2010;47;10,57628
Marche;Male;01/01/2011;42,5;11,404552
Marche;Male;01/01/2012;42,3;14,6477
Marche;Male;01/01/2013;38,8;17,428153
Marche;Male;01/01/2014;38;16,8806
Marche;Male;01/01/2015;40,6;17,553785
Marche;Male;01/01/2016;39,3;16,720099
Marche;Male;01/01/2017;39,6;17,075441
Marche;Male;01/01/2018;42,8;13,116755
Marche;Male;01/01/2019;39,7;12,06635
Marche;Male;01/01/2020;38;14,227413
Marche;Female;01/01/2005;40,1;19,638929
Marche;Female;01/01/2006;39,7;19,787921
Marche;Female;01/01/2007;41,7;18,108662
Marche;Female;01/01/2008;38,6;19,167294
Marche;Female;01/01/2009;36,5;21,313871
Marche;Female;01/01/2010;33,9;20,695471
Marche;Female;01/01/2011;34;22,794333
Marche;Female;01/01/2012;32;22,175737
Marche;Female;01/01/2013;28,7;23,234653
Marche;Female;01/01/2014;28,8;22,868668
Marche;Female;01/01/2015;27,8;24,069681
Marche;Female;01/01/2016;27,6;24,787677
Marche;Female;01/01/2017;29,1;23,738328
Marche;Female;01/01/2018;27,3;21,005692
Marche;Female;01/01/2019;28,2;19,94942
Marche;Female;01/01/2020;27,1;23,067727
Marche;Total;01/01/2005;47,7;14,337434
Marche;Total;01/01/2006;46,8;13,797564
Marche;Total;01/01/2007;47,6;12,361651
Marche;Total;01/01/2008;44,9;14,007321
Marche;Total;01/01/2009;41,2;17,134517
Marche;Total;01/01/2010;40,6;15,578532
Marche;Total;01/01/2011;38,3;17,054045
Marche;Total;01/01/2012;37,2;18,376118
Marche;Total;01/01/2013;33,9;20,299478
Marche;Total;01/01/2014;33,5;19,8509
Marche;Total;01/01/2015;34,3;20,767513
Marche;Total;01/01/2016;33,6;20,684555
Marche;Total;01/01/2017;34,5;20,341177
Marche;Total;01/01/2018;35,3;16,976863
Marche;Total;01/01/2019;34,2;15,888168
Marche;Total;01/01/2020;32,8;18,511016
Lazio;Male;01/01/2005;41;13,856977
Lazio;Male;01/01/2006;43,7;13,080812
Lazio;Male;01/01/2007;41,7;12,005671
Lazio;Male;01/01/2008;42,6;10,697005
Lazio;Male;01/01/2009;39,8;12,654829
Lazio;Male;01/01/2010;38,6;15,957178
Lazio;Male;01/01/2011;35,8;19,023402
Lazio;Male;01/01/2012;33,6;18,667513
Lazio;Male;01/01/2013;31,7;20,782953
Lazio;Male;01/01/2014;29,6;22,582599
Lazio;Male;01/01/2015;29,8;22,312319
Lazio;Male;01/01/2016;30,4;21,612061
Lazio;Male;01/01/2017;31,5;20,225928
Lazio;Male;01/01/2018;31,2;21,22918
Lazio;Male;01/01/2019;32,2;20,063209
Lazio;Male;01/01/2020;31,5;21,135443
Lazio;Female;01/01/2005;34,3;25,131396
Lazio;Female;01/01/2006;34,7;23,659673
Lazio;Female;01/01/2007;32,5;21,924532
Lazio;Female;01/01/2008;32,2;22,154927
Lazio;Female;01/01/2009;30,8;23,416362
Lazio;Female;01/01/2010;30;24,669778
Lazio;Female;01/01/2011;28,1;24,837238
Lazio;Female;01/01/2012;27,3;25,278611
Lazio;Female;01/01/2013;23,7;27,902241
Lazio;Female;01/01/2014;24,6;26,906573
Lazio;Female;01/01/2015;25,6;26,546994
Lazio;Female;01/01/2016;26,9;25,832099
Lazio;Female;01/01/2017;26,3;24,648481
Lazio;Female;01/01/2018;27,2;25,447978
Lazio;Female;01/01/2019;27,6;25,07609
Lazio;Female;01/01/2020;24,1;26,634652
Lazio;Total;01/01/2005;37,6;19,550939
Lazio;Total;01/01/2006;39,2;18,38721
Lazio;Total;01/01/2007;37,1;16,978974
Lazio;Total;01/01/2008;37,4;16,432355
Lazio;Total;01/01/2009;35,4;18,03464
Lazio;Total;01/01/2010;34,4;20,291626
Lazio;Total;01/01/2011;32;21,908411
Lazio;Total;01/01/2012;30,5;21,935535
Lazio;Total;01/01/2013;27,8;24,293793
Lazio;Total;01/01/2014;27,2;24,714094
Lazio;Total;01/01/2015;27,7;24,390244
Lazio;Total;01/01/2016;28,7;23,675947
Lazio;Total;01/01/2017;29;22,382932
Lazio;Total;01/01/2018;29,3;23,281583
Lazio;Total;01/01/2019;30;22,504107
Lazio;Total;01/01/2020;27,9;23,814474
Abruzzo;Male;01/01/2005;42,8;11,896512
Abruzzo;Male;01/01/2006;41,4;11,857011
Abruzzo;Male;01/01/2007;46,5;10,986419
Abruzzo;Male;01/01/2008;45,6;11,860436
Abruzzo;Male;01/01/2009;39,2;15,238983
Abruzzo;Male;01/01/2010;36,3;15,297492
Abruzzo;Male;01/01/2011;38;16,490122
Abruzzo;Male;01/01/2012;41,5;16,763813
Abruzzo;Male;01/01/2013;33,1;21,000894
Abruzzo;Male;01/01/2014;30,6;22,484947
Abruzzo;Male;01/01/2015;31,4;25,288201
Abruzzo;Male;01/01/2016;31,7;22,3319
Abruzzo;Male;01/01/2017;34,5;18,965691
Abruzzo;Male;01/01/2018;37;17,359664
Abruzzo;Male;01/01/2019;35,4;20,652612
Abruzzo;Male;01/01/2020;35,9;18,21386
Abruzzo;Female;01/01/2005;28,6;24,291988
Abruzzo;Female;01/01/2006;30,4;23,323093
Abruzzo;Female;01/01/2007;27,6;23,650745
Abruzzo;Female;01/01/2008;30,9;23,654103
Abruzzo;Female;01/01/2009;26,4;25,225137
Abruzzo;Female;01/01/2010;23,7;25,018986
Abruzzo;Female;01/01/2011;26,3;24,09822
Abruzzo;Female;01/01/2012;24,8;24,379774
Abruzzo;Female;01/01/2013;22,8;27,857357
Abruzzo;Female;01/01/2014;21,4;29,698027
Abruzzo;Female;01/01/2015;20,6;31,799661
Abruzzo;Female;01/01/2016;23,1;31,570315
Abruzzo;Female;01/01/2017;24,6;31,350292
Abruzzo;Female;01/01/2018;24;28,215226
Abruzzo;Female;01/01/2019;19,4;26,665945
Abruzzo;Female;01/01/2020;18,6;27,703429
Abruzzo;Total;01/01/2005;35,8;18,029938
Abruzzo;Total;01/01/2006;36;17,510161
Abruzzo;Total;01/01/2007;37,3;17,225499
Abruzzo;Total;01/01/2008;38,4;17,673997
Abruzzo;Total;01/01/2009;32,9;20,155989
Abruzzo;Total;01/01/2010;30,1;20,073168
Abruzzo;Total;01/01/2011;32,3;20,225574
Abruzzo;Total;01/01/2012;33,3;20,503669
Abruzzo;Total;01/01/2013;28,1;24,369035
Abruzzo;Total;01/01/2014;26,1;26,030931
Abruzzo;Total;01/01/2015;26,1;28,479934
Abruzzo;Total;01/01/2016;27,5;26,865068
Abruzzo;Total;01/01/2017;29,7;25,007998
Abruzzo;Total;01/01/2018;30,7;22,660947
Abruzzo;Total;01/01/2019;27,7;23,580298
Abruzzo;Total;01/01/2020;27,6;22,82038
Molise;Male;01/01/2005;37,8;17,751671
Molise;Male;01/01/2006;40;16,058105
Molise;Male;01/01/2007;41;16,202156
Molise;Male;01/01/2008;39,4;17,087452
Molise;Male;01/01/2009;35,5;16,139763
Molise;Male;01/01/2010;34,5;19,050517
Molise;Male;01/01/2011;31,7;20,362947
Molise;Male;01/01/2012;28,2;20,878427
Molise;Male;01/01/2013;22,8;29,499289
Molise;Male;01/01/2014;22,3;31,369774
Molise;Male;01/01/2015;24,9;24,353928
Molise;Male;01/01/2016;28,1;26,071663
Molise;Male;01/01/2017;26,6;27,599782
Molise;Male;01/01/2018;25,9;27,037295
Molise;Male;01/01/2019;29,6;26,940179
Molise;Male;01/01/2020;29,6;27,005298
Molise;Female;01/01/2005;22,5;30,111949
Molise;Female;01/01/2006;23,5;28,741374
Molise;Female;01/01/2007;26,3;26,019915
Molise;Female;01/01/2008;26,7;27,741013
Molise;Female;01/01/2009;22,5;29,413184
Molise;Female;01/01/2010;22,2;27,709387
Molise;Female;01/01/2011;19,8;30,105446
Molise;Female;01/01/2012;19,9;33,177889
Molise;Female;01/01/2013;16,5;33,971568
Molise;Female;01/01/2014;16,9;32,215944
Molise;Female;01/01/2015;18,2;31,297023
Molise;Female;01/01/2016;19,6;29,459551
Molise;Female;01/01/2017;15,9;29,206799
Molise;Female;01/01/2018;17,3;30,908395
Molise;Female;01/01/2019;19;29,325053
Molise;Female;01/01/2020;18,2;35,361395
Molise;Total;01/01/2005;30,2;23,877461
Molise;Total;01/01/2006;31,9;22,279197
Molise;Total;01/01/2007;33,8;21,01622
Molise;Total;01/01/2008;33,2;22,298907
Molise;Total;01/01/2009;29,1;22,648651
Molise;Total;01/01/2010;28,5;23,299767
Molise;Total;01/01/2011;25,9;25,149494
Molise;Total;01/01/2012;24,1;26,923184
Molise;Total;01/01/2013;19,7;31,697086
Molise;Total;01/01/2014;19,7;31,785735
Molise;Total;01/01/2015;21,7;27,740832
Molise;Total;01/01/2016;24;27,706761
Molise;Total;01/01/2017;21,5;28,365204
Molise;Total;01/01/2018;21,8;28,880483
Molise;Total;01/01/2019;24,5;28,07443
Molise;Total;01/01/2020;24,2;31,007242
Campania;Male;01/01/2005;34,2;24,737948
Campania;Male;01/01/2006;33,1;25,048593
Campania;Male;01/01/2007;31,3;26,064377
Campania;Male;01/01/2008;30,4;28,497824
Campania;Male;01/01/2009;26,8;30,041597
Campania;Male;01/01/2010;24,7;31,089157
Campania;Male;01/01/2011;23,2;31,765872
Campania;Male;01/01/2012;24,2;34,370594
Campania;Male;01/01/2013;22,4;36,871033
Campania;Male;01/01/2014;20,9;36,380816
Campania;Male;01/01/2015;22,8;34,7471
Campania;Male;01/01/2016;23,8;35,387103
Campania;Male;01/01/2017;24,6;34,376055
Campania;Male;01/01/2018;22,8;34,158863
Campania;Male;01/01/2019;24,1;33,047502
Campania;Male;01/01/2020;22,5;34,073747
Campania;Female;01/01/2005;18,4;44,355666
Campania;Female;01/01/2006;19,8;42,527109
Campania;Female;01/01/2007;18,6;43,56184
Campania;Female;01/01/2008;18,6;43,373988
Campania;Female;01/01/2009;16,1;43,503295
Campania;Female;01/01/2010;14,4;45,417857
Campania;Female;01/01/2011;13,6;45,390396
Campania;Female;01/01/2012;14,4;43,102798
Campania;Female;01/01/2013;15,3;44,117651
Campania;Female;01/01/2014;14;44,158744
Campania;Female;01/01/2015;14,4;44,205833
Campania;Female;01/01/2016;15,1;42,126005
Campania;Female;01/01/2017;14;43,302811
Campania;Female;01/01/2018;13,9;43,910859
Campania;Female;01/01/2019;16,1;42,865726
Campania;Female;01/01/2020;14;43,478634
Campania;Total;01/01/2005;26,3;34,622499
Campania;Total;01/01/2006;26,5;33,771556
Campania;Total;01/01/2007;25;34,792296
Campania;Total;01/01/2008;24,6;35,912681
Campania;Total;01/01/2009;21,5;36,744704
Campania;Total;01/01/2010;19,6;38,210505
Campania;Total;01/01/2011;18,5;38,534353
Campania;Total;01/01/2012;19,4;38,705413
Campania;Total;01/01/2013;18,9;40,463672
Campania;Total;01/01/2014;17,5;40,230117
Campania;Total;01/01/2015;18,6;39,421314
Campania;Total;01/01/2016;19,6;38,702377
Campania;Total;01/01/2017;19,4;38,758893
Campania;Total;01/01/2018;18,5;38,935135
Campania;Total;01/01/2019;20,2;37,850222
Campania;Total;01/01/2020;18,4;38,681
Puglia;Male;01/01/2005;40,8;23,657205
Puglia;Male;01/01/2006;40,1;22,918375
Puglia;Male;01/01/2007;38,8;21,147945
Puglia;Male;01/01/2008;39,9;21,419085
Puglia;Male;01/01/2009;36,1;25,489247
Puglia;Male;01/01/2010;33,7;26,109765
Puglia;Male;01/01/2011;32,3;26,371753
Puglia;Male;01/01/2012;32,4;27,183871
Puglia;Male;01/01/2013;25,4;33,227671
Puglia;Male;01/01/2014;26;33,534812
Puglia;Male;01/01/2015;26,1;32,342433
Puglia;Male;01/01/2016;27,6;30,822931
Puglia;Male;01/01/2017;25,8;31,756614
Puglia;Male;01/01/2018;27;28,881544
Puglia;Male;01/01/2019;27,6;29,702868
Puglia;Male;01/01/2020;28,1;29,730809
Puglia;Female;01/01/2005;19,9;43,748651
Puglia;Female;01/01/2006;21,6;41,320005
Puglia;Female;01/01/2007;22,4;39,465115
Puglia;Female;01/01/2008;23,4;37,997351
Puglia;Female;01/01/2009;22,4;37,983159
Puglia;Female;01/01/2010;22,1;38,297906
Puglia;Female;01/01/2011;22,1;38,379785
Puglia;Female;01/01/2012;19,7;39,405021
Puglia;Female;01/01/2013;16,9;39,633894
Puglia;Female;01/01/2014;15,9;39,700778
Puglia;Female;01/01/2015;15,5;39,60562
Puglia;Female;01/01/2016;17,7;38,949243
Puglia;Female;01/01/2017;18,5;40,087054
Puglia;Female;01/01/2018;19,5;38,230217
Puglia;Female;01/01/2019;19,2;36,537847
Puglia;Female;01/01/2020;17,3;36,202734
Puglia;Total;01/01/2005;30,4;33,727314
Puglia;Total;01/01/2006;31;32,04086
Puglia;Total;01/01/2007;30,7;30,22746
Puglia;Total;01/01/2008;31,8;29,631283
Puglia;Total;01/01/2009;29,4;31,674695
Puglia;Total;01/01/2010;28;32,13787
Puglia;Total;01/01/2011;27,3;32,30472
Puglia;Total;01/01/2012;26,2;33,219184
Puglia;Total;01/01/2013;21,2;36,388814
Puglia;Total;01/01/2014;21,1;36,573197
Puglia;Total;01/01/2015;20,9;35,91657
Puglia;Total;01/01/2016;22,8;34,818146
Puglia;Total;01/01/2017;22,3;35,839268
Puglia;Total;01/01/2018;23,4;33,448072
Puglia;Total;01/01/2019;23,5;33,035036
Puglia;Total;01/01/2020;22,9;32,881948
Basilicata;Male;01/01/2005;35,6;19,309419
Basilicata;Male;01/01/2006;37,9;18,386012
Basilicata;Male;01/01/2007;37,5;18,077523
Basilicata;Male;01/01/2008;35,8;17,942499
Basilicata;Male;01/01/2009;31,4;21,208115
Basilicata;Male;01/01/2010;28,1;27,268383
Basilicata;Male;01/01/2011;32,1;25,390941
Basilicata;Male;01/01/2012;27,4;29,402741
Basilicata;Male;01/01/2013;23,1;32,210472
Basilicata;Male;01/01/2014;27,4;30,19149
Basilicata;Male;01/01/2015;29,7;27,490087
Basilicata;Male;01/01/2016;30,3;27,560976
Basilicata;Male;01/01/2017;27,5;29,392009
Basilicata;Male;01/01/2018;29,5;24,676711
Basilicata;Male;01/01/2019;32,7;23,516804
Basilicata;Male;01/01/2020;27,5;24,816045
Basilicata;Female;01/01/2005;18,2;36,904407
Basilicata;Female;01/01/2006;18;35,01234
Basilicata;Female;01/01/2007;16,7;33,816373
Basilicata;Female;01/01/2008;18,3;32,835659
Basilicata;Female;01/01/2009;18,3;32,081021
Basilicata;Female;01/01/2010;16,3;35,524054
Basilicata;Female;01/01/2011;16,4;34,63228
Basilicata;Female;01/01/2012;16,6;32,737424
Basilicata;Female;01/01/2013;16,5;36,118745
Basilicata;Female;01/01/2014;15,1;37,091637
Basilicata;Female;01/01/2015;17;37,874557
Basilicata;Female;01/01/2016;20,3;33,98409
Basilicata;Female;01/01/2017;16,8;33,791284
Basilicata;Female;01/01/2018;17,2;32,225903
Basilicata;Female;01/01/2019;17,2;34,845521
Basilicata;Female;01/01/2020;14,8;34,490003
Basilicata;Total;01/01/2005;27;28,007555
Basilicata;Total;01/01/2006;28,2;26,527897
Basilicata;Total;01/01/2007;27,4;25,792185
Basilicata;Total;01/01/2008;27,2;25,253806
Basilicata;Total;01/01/2009;25;26,541097
Basilicata;Total;01/01/2010;22,4;31,314524
Basilicata;Total;01/01/2011;24,5;29,912881
Basilicata;Total;01/01/2012;22,1;31,033081
Basilicata;Total;01/01/2013;19,9;34,118055
Basilicata;Total;01/01/2014;21,4;33,551646
Basilicata;Total;01/01/2015;23,6;32,555061
Basilicata;Total;01/01/2016;25,5;30,681258
Basilicata;Total;01/01/2017;22,3;31,512684
Basilicata;Total;01/01/2018;23,6;28,305757
Basilicata;Total;01/01/2019;25,3;28,948198
Basilicata;Total;01/01/2020;21,5;29,458146
Calabria;Male;01/01/2005;29;25,165548
Calabria;Male;01/01/2006;31,7;24,367968
Calabria;Male;01/01/2007;30,5;25,174484
Calabria;Male;01/01/2008;30;25,140227
Calabria;Male;01/01/2009;28,8;26,93452
Calabria;Male;01/01/2010;25,3;30,51351
Calabria;Male;01/01/2011;24,6;31,225216
Calabria;Male;01/01/2012;23,6;32,594584
Calabria;Male;01/01/2013;21,6;37,182264
Calabria;Male;01/01/2014;20,1;38,001107
Calabria;Male;01/01/2015;19;41,308841
Calabria;Male;01/01/2016;20,5;39,911663
Calabria;Male;01/01/2017;21;36,469229
Calabria;Male;01/01/2018;25,9;34,194064
Calabria;Male;01/01/2019;27,7;33,987426
Calabria;Male;01/01/2020;25,8;35,905226
Calabria;Female;01/01/2005;15,1;39,469342
Calabria;Female;01/01/2006;15,3;38,897994
Calabria;Female;01/01/2007;15,4;40,082069
Calabria;Female;01/01/2008;18;37,058757
Calabria;Female;01/01/2009;16,5;37,050696
Calabria;Female;01/01/2010;14;39,188658
Calabria;Female;01/01/2011;17,1;39,768462
Calabria;Female;01/01/2012;17,2;41,068619
Calabria;Female;01/01/2013;15,7;43,310055
Calabria;Female;01/01/2014;13,7;43,785453
Calabria;Female;01/01/2015;12;44,940775
Calabria;Female;01/01/2016;12,2;43,919811
Calabria;Female;01/01/2017;12,1;42,514796
Calabria;Female;01/01/2018;15,9;44,759233
Calabria;Female;01/01/2019;14,5;41,797332
Calabria;Female;01/01/2020;12,9;41,118404
Calabria;Total;01/01/2005;22,1;32,337467
Calabria;Total;01/01/2006;23,6;31,605005
Calabria;Total;01/01/2007;23;32,590128
Calabria;Total;01/01/2008;24;31,070807
Calabria;Total;01/01/2009;22,7;31,972515
Calabria;Total;01/01/2010;19,7;34,822561
Calabria;Total;01/01/2011;20,9;35,46033
Calabria;Total;01/01/2012;20,5;36,789637
Calabria;Total;01/01/2013;18,7;40,209235
Calabria;Total;01/01/2014;17;40,863098
Calabria;Total;01/01/2015;15,5;43,099858
Calabria;Total;01/01/2016;16,4;41,879656
Calabria;Total;01/01/2017;16,7;39,417981
Calabria;Total;01/01/2018;21,1;39,341251
Calabria;Total;01/01/2019;21,4;37,778174
Calabria;Total;01/01/2020;19,6;38,443065
Sicilia;Male;01/01/2005;34,2;26,29651
Sicilia;Male;01/01/2006;34,2;26,587271
Sicilia;Male;01/01/2007;33,8;25,334269
Sicilia;Male;01/01/2008;31,8;25,980595
Sicilia;Male;01/01/2009;29,7;27,466217
Sicilia;Male;01/01/2010;29;31,024341
Sicilia;Male;01/01/2011;28,4;31,047897
Sicilia;Male;01/01/2012;25,2;35,17048
Sicilia;Male;01/01/2013;23;38,967939
Sicilia;Male;01/01/2014;20,1;39,693477
Sicilia;Male;01/01/2015;22,9;39,264426
Sicilia;Male;01/01/2016;24,4;38,078348
Sicilia;Male;01/01/2017;23,6;36,8289
Sicilia;Male;01/01/2018;22,4;37,119982
Sicilia;Male;01/01/2019;22,5;35,834177
Sicilia;Male;01/01/2020;22,4;36,573344
Sicilia;Female;01/01/2005;17;45,319457
Sicilia;Female;01/01/2006;18,3;43,438308
Sicilia;Female;01/01/2007;18;43,21262
Sicilia;Female;01/01/2008;17,2;44,583551
Sicilia;Female;01/01/2009;16,3;42,505188
Sicilia;Female;01/01/2010;16;42,83373
Sicilia;Female;01/01/2011;14,4;44,925758
Sicilia;Female;01/01/2012;14,1;44,056124
Sicilia;Female;01/01/2013;12,1;46,222825
Sicilia;Female;01/01/2014;13,3;46,615419
Sicilia;Female;01/01/2015;14,7;44,980625
Sicilia;Female;01/01/2016;14,5;45,246242
Sicilia;Female;01/01/2017;14,7;45,101883
Sicilia;Female;01/01/2018;14;46,61256
Sicilia;Female;01/01/2019;14,5;45,931063
Sicilia;Female;01/01/2020;12,5;45,691436
Sicilia;Total;01/01/2005;25,6;35,883399
Sicilia;Total;01/01/2006;26,4;34,983973
Sicilia;Total;01/01/2007;26;34,234611
Sicilia;Total;01/01/2008;24,6;35,24252
Sicilia;Total;01/01/2009;23,1;34,943713
Sicilia;Total;01/01/2010;22,6;36,885391
Sicilia;Total;01/01/2011;21,5;37,918488
Sicilia;Total;01/01/2012;19,7;39,565547
Sicilia;Total;01/01/2013;17,7;42,549257
Sicilia;Total;01/01/2014;16,8;43,115427
Sicilia;Total;01/01/2015;18,9;42,075014
Sicilia;Total;01/01/2016;19,6;41,592249
Sicilia;Total;01/01/2017;19,3;40,878015
Sicilia;Total;01/01/2018;18,3;41,761973
Sicilia;Total;01/01/2019;18,6;40,770423
Sicilia;Total;01/01/2020;17,6;41,030895
Sardegna;Male;01/01/2005;42,8;20,664202
Sardegna;Male;01/01/2006;43,3;18,998231
Sardegna;Male;01/01/2007;42;17,413588
Sardegna;Male;01/01/2008;39,5;19,668945
Sardegna;Male;01/01/2009;33;22,424996
Sardegna;Male;01/01/2010;32,2;25,404327
Sardegna;Male;01/01/2011;32,1;26,997188
Sardegna;Male;01/01/2012;30,8;28,79489
Sardegna;Male;01/01/2013;23,6;33,633105
Sardegna;Male;01/01/2014;25,3;36,954112
Sardegna;Male;01/01/2015;25,7;32,522067
Sardegna;Male;01/01/2016;24,8;31,990983
Sardegna;Male;01/01/2017;28,2;31,254179
Sardegna;Male;01/01/2018;27,5;30,602759
Sardegna;Male;01/01/2019;29,5;26,723458
Sardegna;Male;01/01/2020;28,4;24,859442
Sardegna;Female;01/01/2005;27,9;31,746399
Sardegna;Female;01/01/2006;26,1;31,469982
Sardegna;Female;01/01/2007;26,2;29,649927
Sardegna;Female;01/01/2008;26,8;28,589457
Sardegna;Female;01/01/2009;23,4;31,614673
Sardegna;Female;01/01/2010;27,9;29,143452
Sardegna;Female;01/01/2011;25,4;29,710724
Sardegna;Female;01/01/2012;23,6;31,183243
Sardegna;Female;01/01/2013;19,3;34,636776
Sardegna;Female;01/01/2014;19,8;36,052405
Sardegna;Female;01/01/2015;21,3;35,380238
Sardegna;Female;01/01/2016;19;32,995468
Sardegna;Female;01/01/2017;19,9;32,690401
Sardegna;Female;01/01/2018;24,3;27,493671
Sardegna;Female;01/01/2019;21,6;29,384461
Sardegna;Female;01/01/2020;17;29,69915
Sardegna;Total;01/01/2005;35,4;26,130332
Sardegna;Total;01/01/2006;34,9;25,105985
Sardegna;Total;01/01/2007;34,3;23,411408
Sardegna;Total;01/01/2008;33,3;24,04761
Sardegna;Total;01/01/2009;28,3;26,929758
Sardegna;Total;01/01/2010;30,1;27,236696
Sardegna;Total;01/01/2011;28,8;28,323112
Sardegna;Total;01/01/2012;27,3;29,963493
Sardegna;Total;01/01/2013;21,5;34,123788
Sardegna;Total;01/01/2014;22,7;36,513378
Sardegna;Total;01/01/2015;23,6;33,915086
Sardegna;Total;01/01/2016;22;32,478054
Sardegna;Total;01/01/2017;24,2;31,947948
Sardegna;Total;01/01/2018;25,9;29,100794
Sardegna;Total;01/01/2019;25,7;28,002067
Sardegna;Total;01/01/2020;22,9;27,182799
